age,income,debts,employment_length,loan_amount,payment_history,credit_utilization,credit_score,loan_purpose_education,loan_purpose_home_improvement,loan_purpose_personal,creditworthy
59,24324,11706,36,6776,0,0.503148644112562,411,1,0,0,0
49,96323,48517,21,13449,1,0.6924173079816633,609,0,1,0,0
35,29111,45486,4,25297,1,0.2597888077989902,335,0,0,0,0
63,58110,30257,1,41591,1,0.31469319624021763,738,0,1,0,0
28,36389,22736,26,16717,0,0.61750152395949,624,0,1,0,0
41,142177,43207,20,41123,0,0.8989559405092995,606,0,1,0,0
59,61427,14281,37,40233,0,0.8118251760998704,833,0,0,1,0
39,99579,2435,14,46505,0,0.5872989169085877,408,0,0,0,0
43,48746,34339,20,47092,1,0.7329195005796767,671,0,0,0,0
31,142883,36150,9,11350,1,0.3711742455057207,656,0,0,1,1
31,107886,26821,22,31622,1,0.6445558728177702,480,1,0,0,0
44,127141,27660,38,36323,0,0.4715197752162814,655,0,1,0,0
56,20117,6084,4,3951,1,0.1980367750929853,367,0,0,0,0
60,145808,17661,0,18622,1,0.7047208911384846,591,0,0,1,0
44,132221,14507,12,5727,1,0.5608999909753338,480,0,1,0,0
23,104471,8059,20,39454,1,0.36503536613405546,765,1,0,0,1
42,132613,19271,25,37469,0,0.9122257981778444,733,1,0,0,0
22,33234,46539,20,36548,1,0.030724776648465936,763,0,1,0,0
44,149597,51417,17,24782,1,0.32261541973700103,833,1,0,0,1
64,123864,8491,36,29454,1,0.0663125837998701,365,0,0,0,0
50,73441,48295,31,3368,1,0.7688620430594109,320,0,0,0,0
58,20846,51192,35,16592,1,0.7050863795726546,683,0,0,0,0
22,30954,15859,16,23173,1,0.33803869654895385,338,1,0,0,0
41,99239,59261,34,34204,1,0.6789062731850023,584,0,0,0,0
53,133689,9073,10,36596,1,0.4019778539339903,635,0,0,1,0
32,66514,10077,20,35324,1,0.75869125350821,487,0,0,0,0
42,108236,52904,25,47132,1,0.459641826109339,542,0,0,0,0
64,117579,58365,3,24864,1,0.4181569305533489,372,1,0,0,0
45,148644,21953,33,48829,0,0.935382616333418,778,0,0,0,0
69,26469,12383,17,31750,1,0.25837030889179324,400,0,1,0,0
47,50105,50146,39,11576,1,0.12924286659659978,813,0,0,1,0
62,62101,56505,34,17566,1,0.5886976821268636,475,1,0,0,0
48,84323,3353,28,8190,1,0.9696285941613371,537,0,0,1,0
36,111922,24821,28,24071,1,0.3840608215899148,358,0,1,0,0
35,78067,38567,37,39333,0,0.0714163959924937,398,1,0,0,0
67,69376,50838,20,16369,1,0.34591221463647176,794,1,0,0,0
64,65587,25860,12,25035,0,0.5108723377763629,813,0,0,0,0
23,56976,22195,16,2589,1,0.17030377656589157,596,0,0,1,0
57,124587,12939,8,26235,0,0.6615211958759272,510,0,1,0,0
27,147534,26338,0,1159,1,0.9977718951200986,422,0,1,0,0
41,87584,22730,1,13145,1,0.4572220812216294,528,1,0,0,0
29,124537,22427,28,16373,1,0.36118127116291054,687,0,0,0,1
59,98477,36196,32,32921,1,0.406697125166122,439,1,0,0,0
38,130911,28083,9,40323,1,0.12399471661124913,840,1,0,0,1
24,62533,22510,39,17237,1,0.8844408654119615,690,1,0,0,1
45,21828,58372,20,42971,1,0.4206773989661385,569,1,0,0,0
34,21917,59250,27,9244,0,0.3934016673105929,311,0,1,0,0
29,40618,45064,10,15743,1,0.6630933702011695,688,0,1,0,0
46,52254,8813,33,32566,0,0.44761308672181227,636,1,0,0,0
22,125292,32598,7,47101,1,0.6517511341197676,805,1,0,0,1
40,136714,48182,21,47109,1,0.07083182722947963,405,0,0,0,0
48,67362,28570,7,19691,1,0.8155861102850052,331,1,0,0,0
67,40128,28082,14,34996,1,0.9410989133506086,373,0,1,0,0
27,143781,30241,16,6590,1,0.6522777322977921,470,0,0,1,0
64,131281,31678,22,6585,0,0.9550202695702227,368,0,1,0,0
28,79383,45569,23,10227,1,0.15991799122626366,661,0,0,0,0
67,85545,12745,18,29278,1,0.48264202758555014,732,0,1,0,1
55,102180,27029,4,39814,1,0.6057886666059928,399,0,0,1,0
34,107958,14025,31,13237,1,0.5859192809469749,308,1,0,0,0
37,29865,37124,0,16649,1,0.4074471612981528,328,0,0,1,0
56,22219,58859,22,38713,1,0.34470356527259877,413,1,0,0,0
60,59809,15288,36,8927,1,0.1355557823249146,761,1,0,0,1
24,136748,24650,7,46409,1,0.39782502605665543,442,0,1,0,0
22,25287,7540,12,49766,1,0.17103420695443028,689,0,1,0,1
26,146593,33232,7,47154,0,0.7370220197272962,456,0,1,0,0
62,54387,17422,22,8016,1,0.2167426261396441,634,0,0,0,0
24,28512,4342,0,15027,1,0.06797965223168852,559,0,1,0,0
49,21342,42846,23,49688,1,0.5568424764390619,381,0,0,0,0
38,83076,36612,34,25142,0,0.5992774353922076,740,0,1,0,0
46,128872,11396,23,47520,1,0.8731939306677005,471,1,0,0,0
64,39216,18482,16,24545,1,0.5812117962935051,530,0,0,0,0
54,137512,24411,4,32897,1,0.3520260451862113,374,0,0,1,0
30,136682,51975,19,4167,1,0.8049817627110574,569,0,0,0,0
56,113070,47766,20,45757,0,0.5448761042555469,361,0,0,0,0
34,99767,14261,39,27917,1,0.08848748178487982,619,0,0,1,0
51,117829,53307,30,23736,1,0.5701920547101141,401,0,0,0,0
68,46614,4093,35,28990,1,0.9089383599674458,728,1,0,0,1
35,56258,12722,10,15087,1,0.4023494992432384,554,0,1,0,0
28,113789,23042,14,23440,0,0.3033625438808021,831,0,0,1,0
34,62078,53930,18,36205,1,0.15203476244783987,411,0,1,0,0
43,126288,53048,6,16275,0,0.15993106671600377,612,1,0,0,0
60,103524,45413,27,6276,1,0.4384437694984007,760,0,0,1,0
41,116573,48851,4,42627,1,0.5997230259199142,761,0,1,0,0
36,32219,29087,4,41586,1,0.08980925111790573,391,0,1,0,0
65,20235,33347,29,38496,1,0.9401729031349141,351,1,0,0,0
38,62929,34756,31,20008,1,0.757582281270744,819,0,1,0,0
67,147309,54268,7,6738,1,0.590757679100826,397,1,0,0,0
44,87444,40214,9,33402,1,0.8301542842296009,535,0,0,0,0
46,28567,17335,37,6793,1,0.08938488924399215,673,1,0,0,0
45,121834,29602,31,38291,1,0.48207048895579313,533,0,0,0,0
65,90792,54331,27,6571,0,0.6337921955930468,331,0,0,1,0
61,85441,49901,16,32331,1,0.8303663770571064,588,0,1,0,0
49,104555,35450,30,17209,1,0.7856348644487751,841,1,0,0,1
35,93698,33196,7,49014,1,0.2842985572162656,413,1,0,0,0
65,144450,6626,39,26394,1,0.9414713678636122,503,0,1,0,0
21,137248,8424,24,44148,1,0.13310238301656166,328,0,1,0,0
45,25415,13857,8,26682,0,0.8763822824349407,773,0,0,1,0
27,56159,45923,1,3224,1,0.9712308471085723,552,0,0,1,0
29,63925,51085,14,42157,1,0.18538198799039932,685,1,0,0,0
44,146523,20982,2,49695,1,0.7248454035617474,361,0,0,1,0
21,25951,12425,35,45452,0,0.04988266359021848,814,0,0,0,0
64,107388,2980,3,44408,1,0.4113685968877634,729,0,0,1,1
28,28007,49290,13,33441,1,0.5211204662056973,836,0,0,1,0
44,146730,27431,24,42430,1,0.5848387736505377,440,1,0,0,0
31,61832,20440,9,40129,0,0.9365778757660739,599,0,0,0,0
37,78596,42752,20,35716,1,0.6755281804212527,610,0,0,1,0
28,141101,18175,35,45859,1,0.4864651717070446,770,0,0,0,1
55,50523,49651,11,27586,1,0.8115782859032304,692,0,0,0,0
55,108861,27385,26,45760,1,0.9510274927448649,744,0,0,0,1
53,144194,39158,39,24478,1,0.03184548719546793,471,0,1,0,0
25,106740,24019,1,7318,1,0.9826960595334783,330,0,1,0,0
62,35524,19639,12,29694,0,0.09527081767304353,346,0,1,0,0
59,149028,20994,31,21180,1,0.8162429114760738,429,0,1,0,0
61,39282,35375,30,13180,1,0.28753140502589836,651,1,0,0,0
48,43930,22563,15,34002,1,0.14085786117633303,357,0,0,1,0
27,20077,40341,31,16372,0,0.44545708331669653,405,0,1,0,0
29,125881,51136,31,30796,0,0.6475170136531374,629,1,0,0,0
28,145501,6776,33,25427,1,0.38714232657324027,682,0,0,1,1
32,40611,37444,10,34290,1,0.06401975419987196,461,0,1,0,0
54,36984,4380,9,29099,1,0.6034665282621294,585,0,0,1,0
53,34060,9711,14,46486,1,0.903379243349568,370,0,1,0,0
68,102985,9782,16,10821,1,0.38938321228777917,753,1,0,0,1
43,104056,18434,39,6832,1,0.22416944985451878,696,0,0,0,1
44,145329,47765,17,13820,1,0.44815157247348725,814,0,0,0,1
57,63303,21017,8,17211,1,0.057879083938293066,325,0,0,1,0
55,79207,31707,24,40890,1,0.822282708635472,612,1,0,0,0
64,95046,40110,39,6842,0,0.8280774028406849,425,0,0,0,0
60,49287,18343,13,2316,1,0.5921204587953321,707,0,1,0,1
42,113709,39827,24,46968,1,0.3595718600490056,497,0,0,0,0
47,59711,42652,21,18508,1,0.8017855308013255,487,0,0,1,0
55,31954,6655,29,23005,1,0.5591401545404835,783,0,0,1,1
21,93340,45859,19,16206,1,0.8276729854645161,749,1,0,0,0
55,92101,54625,20,19971,1,0.6351442046571905,822,0,0,1,0
57,91520,53098,31,26599,1,0.7865614184806693,653,0,0,0,0
67,107062,16251,20,23056,1,0.6025773632855824,399,0,0,0,0
34,122974,57877,34,2378,1,0.41999965753350954,577,0,0,0,0
23,38574,1526,31,2519,1,0.9583664013268762,790,0,0,0,1
21,29184,4224,29,23161,0,0.5457026866300563,554,1,0,0,0
25,39096,48837,38,41703,0,0.609038623355133,680,0,1,0,0
46,87728,12536,11,39861,1,0.22828276302060177,841,0,1,0,1
34,54016,29541,17,6355,1,0.6293942815330037,563,1,0,0,0
59,31246,14547,20,10083,1,0.5758915729881144,628,0,0,1,0
47,65558,52027,12,39342,1,0.1929900139675547,414,0,1,0,0
29,138721,35531,20,21456,1,0.06899122637961227,575,0,0,1,0
35,38381,9712,7,14324,1,0.6083157265176233,787,0,1,0,1
35,147796,39565,39,3257,1,0.7660553466568173,580,0,0,1,0
46,56455,10208,6,28364,1,0.5281673572127882,574,1,0,0,0
62,112263,57251,22,25972,1,0.23450489906644925,627,0,0,0,0
33,24018,6109,31,47179,1,0.6698567569261046,510,0,0,1,0
52,31302,56796,10,27654,1,0.08930466934350621,325,0,0,0,0
59,87506,50268,21,16233,1,0.4474153677539351,326,0,0,1,0
69,61157,36201,21,16887,0,0.171733090814436,382,0,0,1,0
52,74917,55615,24,30320,1,0.19261446054928452,712,0,0,1,0
24,112738,17967,21,21808,1,0.21027100966662163,466,0,0,1,0
50,116646,58738,27,31154,1,0.3928399864735381,468,0,0,1,0
57,103122,30759,28,35773,1,0.06063870356419365,528,0,0,0,0
43,44519,21172,12,28747,1,0.4038155065198072,666,0,0,1,0
59,116809,37935,17,11860,1,0.5165903726435538,827,0,0,0,1
65,107487,58617,1,43838,1,0.488461342116662,837,1,0,0,0
35,76819,27589,28,43156,1,0.3889562593990102,823,0,1,0,1
63,100910,31015,20,19156,0,0.840755141990045,371,0,0,1,0
49,140430,30009,14,21360,0,0.15387342549629907,405,0,1,0,0
56,91324,18773,26,19135,1,0.5106397763435603,581,0,0,0,0
33,25408,42125,30,26351,1,0.07142100278698875,432,1,0,0,0
52,79379,27143,14,31499,1,0.08044412208913064,833,1,0,0,1
27,45053,7154,22,48377,0,0.5781271911803253,568,1,0,0,0
42,29446,22804,23,24554,1,0.5703582406389427,711,0,1,0,0
48,20922,42688,12,20604,0,0.8792531777160124,317,0,0,0,0
22,118723,52195,21,17923,1,0.5622949389034725,416,0,0,1,0
62,71356,21581,36,48591,1,0.9601931102008017,443,0,0,1,0
65,30789,53648,32,9547,1,0.05820789991593047,721,0,0,0,0
26,117720,31087,2,45283,0,0.10702760793293364,668,0,1,0,0
48,86656,50930,18,34002,1,0.053625202954677584,349,0,0,1,0
48,64028,33981,22,15562,1,0.19342408183020462,405,0,0,0,0
64,84484,4762,28,8480,1,0.5458574098322613,515,0,0,1,0
64,52154,47167,29,27672,1,0.6491164596131537,724,1,0,0,0
40,102870,10768,38,5213,1,0.05512930636918211,371,0,0,1,0
50,22336,44408,24,11293,1,0.9465111809471433,745,0,1,0,0
31,123677,40499,36,35441,1,0.8437437228838772,485,0,0,0,0
48,87779,53269,7,3100,1,0.3036463573355222,369,0,1,0,0
45,39029,39559,15,45617,1,0.08641565492420328,449,0,0,0,0
59,79201,49590,7,29172,1,0.1781882024868667,545,1,0,0,0
53,52265,9783,0,21132,1,0.13567496961742295,837,0,0,0,1
21,122916,47389,4,19199,0,0.1320509415059574,398,0,0,1,0
47,132250,30781,2,37609,0,0.5233760717790766,577,0,0,1,0
33,136553,31811,0,43965,1,0.2533889680684663,754,1,0,0,1
61,63872,49787,3,9016,1,0.364558319363853,403,0,0,0,0
23,66197,36488,39,40779,1,0.9896102800504792,532,1,0,0,0
59,145733,9905,34,38261,1,0.6874711064360913,693,0,0,1,1
26,75180,10127,31,32881,1,0.9494908603765313,800,0,1,0,1
28,43710,23431,33,18058,1,0.15113098948278444,550,1,0,0,0
47,49486,58184,24,25472,1,0.38831808008424357,820,0,1,0,0
29,91907,50153,9,42346,0,0.5591844852495307,378,0,1,0,0
57,148876,7368,20,35926,1,0.08599048126985064,351,0,0,0,0
53,91895,28424,38,35832,0,0.014145569191678288,525,1,0,0,0
62,84435,47824,26,37021,0,0.6737299904589483,350,0,1,0,0
64,60631,46004,26,25087,1,0.645401321633421,485,0,1,0,0
44,149038,19333,1,13828,1,0.41668092189961564,333,0,0,0,0
35,121532,24116,12,32128,1,0.49474763527171234,430,0,0,0,0
52,40103,48219,8,2401,1,0.4212885705861687,742,0,0,1,0
52,84772,57985,35,20643,1,0.03376499439643997,731,0,1,0,0
44,146108,51069,21,16193,1,0.34201789015528783,796,0,0,1,1
61,34382,53326,25,27853,0,0.18531143284331694,702,0,1,0,0
69,104291,44201,11,45864,1,0.10743994721035505,622,0,0,1,0
69,121195,16525,16,21307,1,0.9571532295504563,509,0,0,0,0
32,23756,24398,13,37982,1,0.6033661277917439,628,1,0,0,0
59,40609,33857,13,20611,0,0.7313697213942366,671,0,0,0,0
22,134074,51861,33,44791,1,0.32221010583345633,759,0,0,1,1
23,36478,11361,19,12950,1,0.39921565819907506,432,0,0,1,0
69,120978,17369,10,11704,1,0.24455475395775625,420,1,0,0,0
57,59666,4041,15,44111,1,0.10599601425577049,751,0,1,0,1
69,95683,1105,30,12867,1,0.18724132106716795,428,0,0,1,0
37,119097,10078,5,3745,1,0.799538904843521,390,0,0,1,0
69,144714,26003,18,4866,1,0.6807703471319381,328,0,0,1,0
22,120420,52047,36,33245,1,0.5514595872256222,823,1,0,0,0
22,91315,7090,3,45724,1,0.4803389741381004,632,0,0,0,0
48,97834,58660,3,6818,1,0.9232099408195632,596,0,0,1,0
43,146205,39850,19,49861,1,0.08200759830088171,429,1,0,0,0
57,34153,50786,9,31116,1,0.2877948051055368,592,0,0,1,0
52,129415,2925,23,16493,1,0.3564384750350069,472,0,1,0,0
53,96325,19440,34,29038,1,0.78460155409066,323,1,0,0,0
21,129701,40685,25,21447,1,0.9925894739603516,398,0,0,1,0
39,32999,53296,36,31431,1,0.24826380960958155,705,1,0,0,0
22,75318,27015,37,18908,1,0.8755642607957098,655,0,0,1,1
64,20814,34320,20,30336,1,0.8323165328274734,438,0,0,0,0
46,135033,26291,39,41992,1,0.23241082366534896,802,0,0,1,1
52,96077,55535,38,5025,1,0.40533925439723034,473,1,0,0,0
26,110474,37679,20,21093,1,0.4155761405995939,328,0,1,0,0
52,22443,27289,9,7155,1,0.9784384618412927,795,0,1,0,0
24,95993,4389,37,47607,1,0.18908298236510934,650,0,1,0,1
31,95916,26683,3,34487,1,0.8011663913937342,598,0,0,1,0
37,93319,14629,19,48658,1,0.34085078703137883,491,0,0,0,0
58,145885,25826,16,21963,0,0.7335616423183988,363,0,0,1,0
44,129777,36198,6,21936,1,0.42581089425270624,514,0,1,0,0
25,37368,27630,3,5426,1,0.5825761654853746,465,1,0,0,0
54,35328,34226,28,24303,1,0.8342856555928698,842,0,1,0,0
26,76942,47163,13,46280,1,0.8061239093340453,531,1,0,0,0
42,111751,33975,2,28606,1,0.8677589517043032,840,0,0,0,1
31,119131,1899,23,48832,0,0.06902115209121243,494,1,0,0,0
68,47306,12653,36,29151,1,0.6951300475093474,805,0,0,1,1
36,105451,28961,15,14767,1,0.14858750295454526,633,0,0,1,0
53,59915,17405,3,12308,1,0.4216603823382269,603,0,0,1,0
29,57219,9601,23,45245,1,0.5531025309041416,736,1,0,0,1
26,100879,34662,33,46671,1,0.4087120898993624,622,0,0,1,0
36,131939,34282,29,25770,0,0.5244155590449774,801,0,0,1,0
49,84644,57446,17,29572,1,0.996561045710633,692,0,0,1,0
23,80279,22288,18,42448,1,0.1438651405757262,448,0,0,0,0
40,73028,58019,30,3204,0,0.6787014848830613,704,1,0,0,0
56,124263,30545,18,28233,1,0.40204095672175905,582,1,0,0,0
39,20126,37877,18,22729,1,0.1416797009182555,661,0,1,0,0
46,72329,47026,21,32131,1,0.16714939574056645,678,1,0,0,0
23,47632,16313,23,34870,1,0.9497803751831607,497,0,0,0,0
39,127099,16349,11,39011,0,0.8808054817446443,655,1,0,0,0
40,85310,8179,29,40382,0,0.9079715408108716,839,0,0,0,0
52,129945,11326,37,42475,1,0.9916174480691127,728,0,0,0,1
27,75176,45555,30,47681,1,0.21623223610843278,316,1,0,0,0
61,139797,2560,35,22607,1,0.36188494399042115,678,0,1,0,1
53,106066,14612,18,25968,1,0.672526839625618,805,0,0,1,1
60,125500,18650,35,34398,1,0.4889645144620408,375,0,0,1,0
59,146413,27745,29,12908,1,0.4242056380445502,530,1,0,0,0
38,64327,32890,32,27423,1,0.3642331368422371,547,1,0,0,0
60,88904,21022,17,44615,1,0.5978428256240177,601,0,0,0,0
21,23797,59093,27,10171,1,0.5798374943536811,514,1,0,0,0
31,67882,53579,10,13721,0,0.16984325572359768,457,0,0,0,0
48,33718,5780,32,17616,1,0.4770224391432547,368,0,1,0,0
45,54560,19311,16,43512,1,0.5579370584477514,692,1,0,0,1
43,96589,29380,5,39458,1,0.5745840693440766,384,0,0,1,0
51,42116,45662,3,47169,1,0.2180061209832283,566,0,0,1,0
50,56244,3356,19,8659,1,0.7448486783297639,368,1,0,0,0
62,121721,5790,26,44369,1,0.03494710387285894,646,0,0,0,0
55,21645,27911,14,12704,0,0.361283536987731,722,0,0,1,0
27,67523,50458,5,33793,0,0.7824105220502772,473,0,0,0,0
36,144085,25363,13,49152,1,0.5682539918448484,414,1,0,0,0
46,137718,21049,10,47473,0,0.26855080818575167,519,1,0,0,0
68,39256,11181,38,32226,1,0.6980035881496173,330,0,0,1,0
69,121376,40825,8,24852,1,0.5717170347145126,822,1,0,0,1
22,120158,17082,25,33082,1,0.7982811733618232,642,0,1,0,0
21,73173,1661,15,23794,1,0.7376749343279252,676,0,1,0,1
68,57430,38412,4,42420,1,0.6140068428158723,429,0,0,1,0
32,59282,49479,9,14379,1,0.4932958985577059,838,0,1,0,0
25,139719,58655,2,8006,1,0.14185030441084817,301,0,0,0,0
57,83374,3920,12,9682,0,0.26871968770652993,400,0,0,1,0
52,88244,26658,29,34840,1,0.42490847818791444,832,0,0,1,1
29,31694,49770,5,33430,1,0.6033062941363247,357,0,0,0,0
61,76264,15025,16,24091,1,0.5185707766631518,688,0,1,0,1
55,95060,9946,18,33983,1,0.2953026806999342,640,0,1,0,0
39,117416,29706,34,24989,0,0.016399714211813445,319,0,1,0,0
68,77545,46500,25,10915,1,0.5012768296818058,554,0,0,1,0
36,138195,40004,4,43552,1,0.29276972867662066,616,0,0,1,0
23,59224,17309,28,19990,1,0.7372622177034297,337,0,1,0,0
40,122516,56230,36,25734,1,0.033706802617778656,836,1,0,0,0
44,117945,47286,19,15824,1,0.588979533192733,685,0,1,0,0
53,33224,34120,20,37081,0,0.9420594951310047,325,0,0,0,0
44,60738,59246,9,12033,1,0.18266517444038452,753,0,0,1,0
31,45150,31027,4,43736,0,0.4769329958430894,622,0,0,0,0
69,83731,8005,35,17241,1,0.10050777189896679,812,0,0,0,1
28,69688,47804,5,6939,1,0.6294250931387391,312,0,0,1,0
56,119929,50310,25,48464,1,0.5550263637902634,670,1,0,0,0
58,128618,1956,3,48562,1,0.413291868970704,590,0,1,0,0
60,93509,35839,38,36063,0,0.5261632512590038,631,0,0,0,0
40,28577,9595,38,35464,1,0.8976089118843201,560,0,0,1,0
55,28070,48908,34,12185,0,0.20433135928795637,504,0,0,0,0
68,146161,13803,0,28045,1,0.03233886658829376,686,0,1,0,1
45,28666,26963,23,45769,1,0.86304823585211,767,1,0,0,0
55,77761,37221,35,48118,1,0.5813459115640274,714,1,0,0,0
45,141178,40443,5,20167,1,0.891751870907224,368,1,0,0,0
49,56368,34723,30,37412,0,0.6009757711790409,771,0,0,1,0
38,26783,40063,19,22625,0,0.8120594790601054,403,0,0,1,0
66,131530,49689,23,40188,0,0.43537662972159646,460,1,0,0,0
38,61914,51864,24,28076,1,0.7523613319753861,499,0,1,0,0
22,90507,16282,35,45605,1,0.9139110522209575,515,0,1,0,0
55,147738,5703,20,20029,1,0.5764017340849842,511,0,0,1,0
36,99026,7563,29,23973,1,0.18897729905675575,807,1,0,0,1
61,135893,26849,23,40121,1,0.2761096388798962,315,0,1,0,0
56,131255,32860,29,32433,1,0.20665813112843173,797,0,1,0,1
53,130616,32585,21,44309,1,0.25438845731977555,631,0,1,0,0
24,87526,23015,27,2932,1,0.313351294857526,555,0,0,1,0
53,90835,13003,6,45254,1,0.5595824488856566,471,1,0,0,0
34,65765,44585,34,2757,0,0.5921117131691944,797,0,0,0,0
41,39956,27958,27,31722,1,0.43223474976944254,770,1,0,0,0
68,107895,27017,13,38853,1,0.619266572022627,683,1,0,0,1
40,66240,12171,9,39405,1,0.09075917635525226,806,0,0,1,1
28,141008,46350,15,2116,0,0.09691035468757836,826,0,1,0,0
27,57148,13201,15,44527,1,0.18011116575408187,624,0,1,0,0
23,114270,30426,30,12691,1,0.5228967230599413,513,0,0,1,0
37,147978,18778,24,1492,0,0.22185473191133043,507,0,0,1,0
53,24757,46241,12,28882,1,0.29045155945765155,468,0,0,1,0
68,39097,43229,5,9811,1,0.40630970781126413,629,0,0,1,0
32,30395,22116,8,28808,0,0.813747462770276,579,0,0,1,0
42,36241,53866,35,25272,0,0.023723514553731517,604,0,0,0,0
42,123892,49364,19,29399,1,0.6528850320342562,445,1,0,0,0
66,47696,34297,17,7474,1,0.6721877657302785,815,1,0,0,0
50,135654,20342,20,27956,1,0.8006692225530702,389,1,0,0,0
58,90480,58056,3,48153,1,0.9334254096697101,752,0,1,0,0
58,66163,28490,32,43506,0,0.02993647045979693,359,0,0,0,0
65,39816,20975,26,14979,1,0.16224586845808403,610,1,0,0,0
28,69840,27723,6,45523,1,0.8873095811154331,827,0,1,0,1
47,122547,24279,5,43565,0,0.4639333765651452,526,0,0,0,0
47,72853,13765,14,29328,1,0.5689447325441289,773,0,0,0,1
54,44917,47678,17,48375,1,0.666396931685916,840,0,1,0,0
41,116731,12561,31,13867,1,0.682275938450681,378,0,0,0,0
50,41566,42899,10,26851,0,0.9324229992833432,732,0,1,0,0
53,95452,1525,19,32279,1,0.9969799232375529,452,1,0,0,0
48,82823,23861,23,31527,1,0.7229558863216309,700,0,1,0,1
67,141392,50153,14,8866,1,0.2943489971130993,578,0,0,0,0
53,40806,34142,6,16449,0,0.8809548782714002,356,1,0,0,0
25,95520,27916,20,11685,1,0.05872870539535399,485,1,0,0,0
68,21759,45965,25,24544,1,0.23877004434575125,697,0,0,1,0
39,146092,5648,13,6451,1,0.8984118602890777,457,0,0,1,0
24,61949,36133,36,22642,1,0.2636295992949614,658,0,0,0,0
55,112374,51677,20,42316,1,0.228444549025531,739,0,1,0,0
69,22482,31523,17,40954,1,0.14674404020884477,765,0,1,0,0
37,44442,30052,4,39870,1,0.8605206400704474,745,0,0,0,0
64,53719,35414,2,32030,1,0.5050576765991758,787,1,0,0,0
48,78066,33781,22,31873,1,0.6781442710236133,829,0,0,0,0
50,113501,5599,25,1619,1,0.2466757202342794,372,0,0,0,0
49,22079,36046,36,34650,1,0.7604600168011043,316,1,0,0,0
66,22717,48064,23,26372,1,0.7624054895124776,830,0,1,0,0
26,79676,36923,18,4642,1,0.31947204465921714,625,0,0,0,0
55,47952,42089,24,29001,0,0.41657580668018,845,0,1,0,0
61,106444,4814,20,35064,1,0.21759337465589884,501,0,0,0,0
57,62460,46893,11,30290,1,0.9767954130896752,643,1,0,0,0
44,110397,36984,32,15122,1,0.6491465512878275,822,1,0,0,1
49,92847,27616,3,25820,1,0.9351984419083603,699,0,0,1,1
69,113607,58371,6,3895,1,0.31035168819284187,517,1,0,0,0
66,109106,3113,21,6366,1,0.7840720038669209,744,0,0,1,1
51,38449,59596,32,9711,1,0.7682000574458946,521,0,0,0,0
55,53536,54508,16,20596,1,0.6947390953478761,682,0,1,0,0
53,84077,44006,23,19793,1,0.9659825855141324,306,1,0,0,0
41,58258,14760,33,9199,1,0.3996197827452524,571,1,0,0,0
52,68302,22927,27,11717,1,0.13941015035385973,315,1,0,0,0
43,145937,21939,38,37191,0,0.6749917706516202,723,0,0,0,0
53,48865,33419,21,11211,0,0.7320167024724341,823,0,0,1,0
23,26645,13588,16,46550,1,0.5793099677242265,320,0,0,0,0
38,139771,57214,33,24360,0,0.21474971420206232,527,0,1,0,0
45,58000,37142,5,22542,1,0.5094113822526618,587,0,0,0,0
62,46737,40198,5,32312,1,0.3190678392034381,433,0,1,0,0
51,31485,53618,33,46242,1,0.4331918628850222,582,1,0,0,0
23,58565,53233,0,37435,1,0.6487663900862173,703,0,1,0,0
60,45522,45738,9,29247,1,0.7477625952639262,365,0,1,0,0
66,139614,34397,20,23357,1,0.2399024439923297,736,0,0,1,1
44,85155,17653,4,42045,1,0.41127210704048384,558,0,1,0,0
52,75168,11831,1,28691,1,0.2764699552817129,402,0,1,0,0
67,72487,6724,21,13424,0,0.20664529772325044,400,0,0,0,0
42,149948,56049,1,19852,1,0.78555334779588,497,1,0,0,0
43,32342,12083,9,23601,0,0.9101601674926225,525,0,0,0,0
22,60806,46917,33,19020,1,0.37652986382773096,762,0,0,0,0
47,68770,20816,15,9155,1,0.7537661351300292,536,1,0,0,0
62,98623,43240,38,4583,0,0.898025336470767,325,1,0,0,0
22,123177,7276,21,16515,1,0.8476629684249293,420,0,1,0,0
46,119785,49403,11,37777,1,0.19098525465383365,805,0,1,0,0
37,95629,39663,23,20710,1,0.9567289626982277,481,0,0,1,0
60,140993,14994,39,44178,1,0.38290967602516784,842,0,0,0,1
53,72603,24499,37,25532,1,0.345848254562098,614,1,0,0,0
29,146944,24040,9,19601,0,0.07180701400500253,572,0,1,0,0
63,132726,44320,34,5967,1,0.4913119175638342,531,1,0,0,0
68,101974,17959,31,19753,1,0.11792347948451941,719,0,1,0,1
59,125947,57181,6,21022,1,0.2560544227181517,741,0,0,1,0
49,46399,7099,20,44463,0,0.3237731955496086,795,0,0,1,0
62,148177,43267,19,10135,1,0.8107380602567672,323,1,0,0,0
46,105382,20576,25,6722,1,0.8767337638919376,408,0,0,1,0
55,101244,36946,3,28413,1,0.309441654286855,801,1,0,0,1
45,129575,56204,21,28236,0,0.8601111400321282,324,0,1,0,0
44,135520,52886,14,16514,1,0.8586586279960932,486,0,0,0,0
33,130904,7116,39,44896,1,0.7670044408810248,587,0,0,1,0
27,96534,16563,20,38212,1,0.15522816287502972,637,0,1,0,0
56,75106,27788,14,41386,1,0.6934196184317217,336,0,0,0,0
65,132599,27928,21,21331,1,0.9455738239347631,436,0,0,0,0
40,50678,37336,27,19060,1,0.6857150739794855,807,0,0,0,0
21,96218,10847,13,2196,0,0.3383006806167556,526,0,1,0,0
28,83230,27155,26,13297,1,0.5055735242565229,619,0,1,0,0
66,134684,15135,39,3787,1,0.6492677929175431,481,1,0,0,0
36,94055,52355,27,24816,1,0.5154647046412185,385,0,0,0,0
34,76373,18774,25,41695,1,0.1287534123136601,766,0,0,0,1
32,51480,2742,1,20702,0,0.31894340420550044,352,0,0,0,0
43,105230,19309,24,26242,1,0.8043720702480962,534,1,0,0,0
35,88836,1619,2,3176,1,0.8628038656345622,732,0,0,0,1
48,92258,18658,7,21127,0,0.14592703238841453,795,0,1,0,0
54,59986,51108,32,42560,1,0.9528628848747374,399,0,0,0,0
22,44160,35707,34,28228,1,0.3355343916701232,702,0,0,1,0
52,105595,21337,5,21208,0,0.6656906013434127,695,0,1,0,0
43,121358,17001,38,29482,1,0.7543068944971143,826,1,0,0,1
42,99111,1968,22,10171,1,0.8138267722915046,714,0,0,0,1
45,84929,48614,24,36219,1,0.9462922052036709,762,0,0,1,0
42,93506,26892,18,34396,1,0.3197903525485344,840,1,0,0,1
42,54911,26619,4,43589,1,0.859921390006039,663,1,0,0,0
69,107127,1281,10,41546,1,0.14037003440184498,429,0,1,0,0
62,51821,28420,11,4696,1,0.7079904972900568,383,1,0,0,0
26,95039,16360,9,21058,0,0.744557952218846,570,1,0,0,0
35,80535,40030,7,21313,1,0.6809460087893072,543,1,0,0,0
63,133453,2058,23,20149,1,0.25979158877380143,687,1,0,0,1
57,104458,21677,27,46740,1,0.8743127155450513,513,0,0,0,0
53,32175,11724,35,42075,1,0.17716987873669107,465,0,0,0,0
28,139235,29404,36,5956,1,0.06309844360562253,358,0,0,0,0
64,74771,38946,20,11195,1,0.720290340705793,803,0,0,0,0
64,126660,40748,7,18076,1,0.4807209580804064,422,0,0,1,0
25,147157,30856,8,2105,0,0.8506070397590894,712,0,0,0,0
59,141300,10200,14,16417,0,0.38956316964767634,438,1,0,0,0
24,106925,34997,39,25729,1,0.1765958026226357,528,0,0,0,0
26,133374,26611,17,47956,1,0.8380777705451711,573,0,0,0,0
65,86358,54737,19,31099,1,0.553420535323671,738,0,1,0,0
52,37327,42235,5,33598,1,0.19730383446645133,417,1,0,0,0
50,67057,52892,11,30961,1,0.7231801586005813,782,0,0,0,0
67,26150,36057,1,13602,1,0.5160025021046055,694,0,0,0,0
55,24425,2239,6,10256,1,0.6082698524179166,759,0,0,0,1
60,143654,39138,15,21584,0,0.46628935482451606,377,0,0,1,0
36,36032,49938,2,47980,0,0.8304218939798264,711,0,0,0,0
33,22198,1125,2,35681,1,0.8312670885262193,374,0,1,0,0
62,80500,46272,26,26792,1,0.7122949336061424,594,1,0,0,0
50,73394,24857,39,22904,1,0.11434736362249764,320,1,0,0,0
39,40079,59552,37,44361,0,0.8404653232850282,470,0,0,0,0
37,56220,16398,32,35540,0,0.6743028507275807,314,0,0,0,0
39,61874,55494,27,27536,1,0.7000539243442565,510,0,0,0,0
48,33859,57503,0,20164,1,0.36935301199983295,385,1,0,0,0
46,70460,7638,7,13996,0,0.8804867605954366,448,1,0,0,0
57,51419,7570,36,3871,1,0.7281178842325089,671,0,0,1,1
46,138865,4249,31,47002,0,0.12146456186390252,779,0,1,0,0
43,28705,10110,36,23626,1,0.41370025406210104,450,0,0,1,0
29,62880,41363,3,11521,1,0.8875165583405403,440,0,1,0,0
32,149838,14605,29,44410,0,0.05672473468040521,368,0,0,1,0
21,43236,13115,5,2132,1,0.961802453445629,559,1,0,0,0
21,107955,40062,18,34467,1,0.6823709426363672,820,0,0,1,1
67,105514,23911,31,15534,1,0.6350622178669428,670,0,1,0,1
54,123145,39525,8,24854,1,0.2778536639231115,718,0,0,0,1
52,35358,33556,11,43998,0,0.2563038708517853,400,0,1,0,0
68,119713,13595,10,40065,1,0.9426376372937095,542,0,0,0,0
45,114914,2969,15,46607,1,0.30528972969178153,811,1,0,0,1
60,122870,44753,0,8812,1,0.7777502437518093,394,0,1,0,0
65,96918,18275,20,5557,1,0.39919058022500836,525,0,0,1,0
21,139179,5470,29,3179,1,0.14786153007685696,817,0,1,0,1
36,136243,57327,12,44798,1,0.020608144718405358,513,0,0,0,0
59,34596,11225,33,10065,0,0.5488147636450983,366,1,0,0,0
25,53572,43324,3,9275,0,0.9760210303634433,695,0,0,1,0
42,98757,58472,27,48857,1,0.37544483187111244,311,0,1,0,0
49,21279,42974,37,36948,1,0.3636204106531144,536,0,0,0,0
23,83197,43759,30,21700,1,0.3506507016709477,698,0,0,1,0
32,131496,24196,26,40464,1,0.5253383989318099,706,1,0,0,1
46,82516,41287,4,43351,1,0.4462582345900506,779,0,0,1,0
36,27083,14669,24,28794,0,0.8811154804597443,521,1,0,0,0
57,140674,38380,2,29783,1,0.5104655838062554,455,0,0,1,0
42,140307,59862,32,17998,1,0.5126802598066831,727,0,1,0,0
49,146457,46141,3,14869,1,0.14698787877335104,457,0,0,0,0
34,129397,51350,24,45525,1,0.9829121455012821,715,0,1,0,1
48,37771,49320,19,29152,1,0.25747316196014136,625,0,1,0,0
25,49975,48414,33,21954,1,0.08263042678500664,670,1,0,0,0
67,65648,39006,25,32555,1,0.6665147864854567,643,1,0,0,0
69,145641,16577,4,17654,1,0.599412706455304,561,1,0,0,0
50,68285,23473,34,46026,1,0.4209941974528183,582,0,1,0,0
66,39063,56409,27,36236,1,0.42797031154187126,528,0,0,1,0
25,87642,29625,28,47976,1,0.7872132818359668,579,0,0,1,0
32,110093,16504,8,16042,1,0.20375551369865258,589,0,1,0,0
36,134390,25089,37,26966,1,0.8220507857554409,346,0,1,0,0
46,106143,37487,5,49407,1,0.652259642756068,513,0,0,0,0
46,57599,1302,18,45314,0,0.4247800760417291,323,1,0,0,0
68,71920,32463,10,46095,1,0.46344833041802996,620,1,0,0,0
41,48529,45912,1,15270,1,0.26408073511423485,573,0,1,0,0
59,55954,30259,8,31908,1,0.7545931893700051,612,0,1,0,0
56,47856,51138,20,16523,1,0.5177459948822151,662,0,0,1,0
53,22573,43823,23,48068,1,0.3276459973223452,679,0,1,0,0
50,98344,38208,33,20991,1,0.6000896146033408,769,0,0,1,1
57,55367,55061,21,11775,0,0.9957771075308098,415,0,1,0,0
43,122337,31659,2,13265,1,0.4409096568599883,341,0,0,0,0
30,126732,36840,11,20459,1,0.9214844867708334,678,0,0,0,1
25,119608,32890,27,17673,1,0.35156667152532045,505,0,0,1,0
56,80774,14598,29,28056,1,0.06418537985573602,765,1,0,0,1
54,43752,48055,25,7614,1,0.2121996853047446,579,0,0,0,0
51,75029,47733,20,37020,0,0.42450819189440736,417,0,0,1,0
30,37685,20508,27,8415,1,0.22743857930862332,536,0,1,0,0
39,71693,43287,25,24155,1,0.010224767836072983,608,0,1,0,0
52,136739,14380,32,44884,0,0.915851522370052,755,0,0,1,0
21,75961,27984,20,17964,0,0.8454406171186197,774,1,0,0,0
25,126937,45633,34,38726,0,0.7448693091720776,399,0,0,1,0
65,144956,9125,33,38044,1,0.17613644968956835,560,0,0,1,0
24,96908,37059,17,38544,0,0.1291599404478862,604,0,0,0,0
36,145537,5033,10,33252,1,0.07692870197765932,653,0,0,1,1
44,146678,38873,22,4832,1,0.726788896885192,585,0,0,1,0
36,94532,18087,21,26275,1,0.9295198810810065,627,0,1,0,0
22,101994,41901,16,15901,1,0.43623046270390664,402,0,0,0,0
69,76133,50726,4,39213,1,0.1279492652760877,362,0,1,0,0
48,117425,6704,10,35148,1,0.5172688925247855,581,0,1,0,0
52,145055,8848,29,43633,1,0.35534358838404384,740,1,0,0,1
47,81268,22592,14,23918,1,0.38107667510649773,592,1,0,0,0
40,112201,46743,26,47694,1,0.6251173179141503,306,0,0,0,0
44,58243,7924,34,20540,1,0.7215309321295803,391,0,0,0,0
32,77384,28208,32,12580,1,0.11949756288442923,489,1,0,0,0
55,51653,53980,19,39402,1,0.04523432849841162,775,1,0,0,0
53,46657,20614,15,39578,0,0.9943869996588577,810,1,0,0,0
53,59952,1488,33,25917,0,0.24040106542639633,761,1,0,0,0
63,42180,40882,1,23318,1,0.06329221965937448,352,1,0,0,0
57,117432,26923,34,11179,1,0.19797657580496078,785,0,1,0,1
32,141829,49508,39,13251,1,0.04856826788497958,789,0,0,0,1
23,148377,36941,27,46899,1,0.39789278567099995,663,0,1,0,1
21,98411,30165,38,20493,1,0.804377766606811,411,0,1,0,0
53,21622,2667,5,21466,1,0.3478320052601434,708,0,0,1,1
60,68756,27213,8,31206,1,0.4497415728095829,306,0,1,0,0
30,60809,5114,19,46475,1,0.6788309058317644,496,1,0,0,0
63,36725,37321,0,20624,1,0.5138051293691814,666,1,0,0,0
64,81396,8761,7,27564,1,0.862831229161111,549,0,0,1,0
49,71226,32116,22,23412,0,0.8673753182952989,539,0,0,1,0
33,126296,34768,2,28990,0,0.019811588536242104,679,0,0,1,0
32,101182,49406,3,36517,1,0.7802658434183671,770,0,0,1,0
51,102565,26426,24,14156,1,0.4661262642392571,754,0,0,1,1
66,49402,18772,37,24064,1,0.9889521358906265,665,0,1,0,1
22,24263,39218,14,26711,0,0.4883997551166808,589,0,0,1,0
55,143489,4712,20,31106,1,0.9870269859344145,702,0,1,0,1
43,116523,2367,34,17589,1,0.7570236675936792,357,0,0,0,0
37,66828,41957,13,24736,1,0.25611883576717326,820,0,0,1,0
46,140824,42781,35,21975,1,0.5430110294940881,603,0,0,1,0
28,67924,50606,11,37218,1,0.9922142830837969,414,0,1,0,0
49,94182,27200,16,8214,1,0.8589553016744045,509,0,0,0,0
46,113065,52924,38,31581,1,0.10639322485330888,340,0,1,0,0
30,79052,4726,8,21195,0,0.7093082768418961,472,0,1,0,0
46,31664,24616,34,45582,0,0.3521237900121049,533,0,0,1,0
54,55737,28723,12,28127,1,0.016912439261544635,702,1,0,0,0
61,121332,38574,14,6141,1,0.4094461593367296,338,1,0,0,0
27,109563,35958,17,29884,1,0.24240687750772158,418,0,1,0,0
24,49373,10108,32,25885,1,0.8206805778152668,634,0,0,1,0
65,137369,13178,5,3708,1,0.34395730275730785,635,0,0,0,0
31,56397,36643,26,19375,1,0.829248457014279,838,1,0,0,0
49,148575,32324,22,16088,1,0.010591959446447356,373,0,0,0,0
56,106145,39360,26,45602,1,0.314740958525858,490,1,0,0,0
45,121371,18824,33,46046,1,0.24875356216468433,623,0,0,1,0
41,58709,46360,37,11014,1,0.24123168745792486,446,0,1,0,0
56,136074,9927,13,4273,1,0.07750475356780806,583,0,0,0,0
30,81120,29144,35,48135,1,0.19525302770639671,512,0,0,0,0
57,39250,32010,7,38306,0,0.5599940741867637,693,0,1,0,0
29,41172,23443,34,31881,1,0.29844746210936707,638,0,0,0,0
44,31555,15437,18,32486,1,0.42322083450585646,321,1,0,0,0
55,107410,45298,29,13541,0,0.38309821154371665,404,0,1,0,0
69,98617,40778,13,9712,1,0.8771458757498957,765,1,0,0,0
55,73276,12207,19,10168,1,0.9062460090204103,758,1,0,0,1
68,77492,57269,24,4551,0,0.49802740193930145,731,0,0,1,0
56,73002,26537,39,13297,1,0.3368543908124484,520,1,0,0,0
38,140103,36757,23,44733,1,0.11573269696234,678,0,0,1,1
69,144938,13040,13,28128,0,0.9538688505882741,521,0,0,0,0
59,109599,42986,25,3832,1,0.06962467545129447,557,0,0,0,0
52,92355,23612,37,29483,1,0.30467377479259766,666,0,0,1,1
44,111248,29441,22,23063,0,0.3050855391583041,648,1,0,0,0
43,44762,7471,21,23963,1,0.32719727327881276,524,0,1,0,0
52,31046,36631,18,14422,1,0.1726439748396852,535,0,1,0,0
57,116999,44461,2,33920,0,0.7853298166144602,482,0,0,1,0
32,144130,27523,18,12156,0,0.13127288334632933,743,0,0,0,0
69,136021,32348,8,12108,1,0.6385575925616311,305,0,0,0,0
33,48769,2177,27,32845,1,0.1326075664387593,535,0,1,0,0
43,73302,5760,19,3800,1,0.07983028121702698,426,0,0,1,0
45,43150,33779,6,39078,1,0.9103352086490177,403,0,1,0,0
55,88247,22636,13,43712,1,0.19822747865551862,779,1,0,0,1
61,24853,17353,8,3610,1,0.8230376530141073,454,1,0,0,0
50,114613,54551,18,13067,1,0.5491845623960645,556,0,0,1,0
37,140900,12556,13,34872,1,0.0870779544126819,534,0,0,1,0
69,109399,28598,37,11728,1,0.9558937095236868,799,1,0,0,1
40,41792,12563,35,30566,0,0.2544915553219736,588,0,0,0,0
68,79129,47819,39,30783,0,0.8610488918990804,809,0,0,1,0
45,126019,44790,16,21583,1,0.17712190572671854,597,1,0,0,0
42,94478,9234,29,21238,1,0.8554034533204343,436,1,0,0,0
33,133811,26519,8,8263,1,0.023096524776241044,675,0,0,0,1
39,134130,27966,32,2914,1,0.5166626520037859,386,0,0,0,0
69,87298,55597,24,24749,1,0.7717481536273413,718,0,0,0,0
56,51987,17173,13,20456,1,0.9354475623178555,498,0,0,0,0
32,35850,27987,10,26582,1,0.9101101148444222,762,0,1,0,0
61,32112,14178,34,1406,1,0.8214286208521685,736,0,0,0,0
39,141789,40338,13,14689,1,0.889309436164691,609,0,1,0,0
32,44058,59348,29,33934,1,0.20722748897870574,580,0,0,1,0
29,65420,25596,3,34276,1,0.29134245275461146,622,1,0,0,0
27,58890,34174,3,37432,1,0.29607883967184795,451,0,1,0,0
48,86017,42974,27,20873,1,0.38328339169168185,601,0,0,1,0
34,67304,5431,7,14050,1,0.3993874636813368,577,0,0,1,0
51,52921,28764,1,1680,1,0.5491097714081288,307,0,1,0,0
39,125921,22627,21,19908,0,0.16828096573277698,534,0,0,1,0
67,21524,40310,15,19504,1,0.6943341971481294,601,0,0,1,0
36,120424,57088,28,22644,1,0.17589087391146144,337,0,1,0,0
25,35048,9906,29,38125,1,0.31720539728350206,435,0,0,1,0
55,55111,37914,11,2363,1,0.5083116793000925,720,0,0,0,0
32,57904,45814,34,43291,1,0.7984761559082425,518,0,0,0,0
45,74912,46379,10,36060,1,0.74207454090634,647,1,0,0,0
41,54008,14076,20,2538,1,0.649079012846417,845,0,0,1,1
56,20060,50292,20,37176,1,0.16421552797436847,378,1,0,0,0
43,94666,38650,4,42520,1,0.5515748921594219,572,0,0,0,0
36,103559,47881,19,26675,1,0.09657203678188658,460,0,0,0,0
59,75337,47413,36,19287,1,0.38358954502868425,607,0,0,0,0
65,130616,7012,2,1174,0,0.4193813649870596,673,0,0,1,0
62,33350,51115,32,27732,1,0.04941332505129629,308,0,0,1,0
59,44354,8151,8,35998,1,0.2812482184752721,743,0,0,0,1
34,65186,58716,8,38055,1,0.9560929725938244,412,1,0,0,0
51,48145,29211,3,13112,0,0.9540962817513926,504,1,0,0,0
25,54020,28117,34,40874,1,0.3588037837100139,704,0,1,0,0
55,106123,37378,16,10689,1,0.05266910785884082,496,0,0,0,0
43,126667,43652,33,45814,0,0.18730398993489975,414,1,0,0,0
49,95186,7894,23,20555,1,0.3982956154992047,420,0,0,0,0
63,105469,14467,31,34919,1,0.9483019009895375,364,1,0,0,0
31,40581,32010,0,8619,1,0.1497870729018131,575,0,1,0,0
38,108929,57463,7,7033,1,0.7658806852315301,538,0,1,0,0
67,43051,50257,22,42328,0,0.11759571398094515,601,0,0,0,0
32,71474,55691,39,5946,1,0.981445001617364,691,1,0,0,0
29,111748,43641,11,25618,0,0.38780033411804365,821,0,0,1,0
30,145995,13289,11,35675,1,0.7774821935100654,668,0,1,0,1
64,134618,45976,14,37258,1,0.3491651719830205,532,0,0,0,0
37,89626,44596,18,19919,1,0.6313921883872207,494,0,0,0,0
58,26960,24171,25,5173,0,0.20009592389263636,311,1,0,0,0
27,55772,35905,28,44833,1,0.15456080910399292,476,0,0,0,0
66,41520,21829,21,27400,1,0.93868349817245,516,0,1,0,0
33,69481,53682,39,5769,1,0.9184708051253891,310,0,0,0,0
60,56408,35054,20,38564,1,0.8885942508107535,745,0,0,0,0
62,114006,49478,37,46814,1,0.6291791156649276,463,0,0,1,0
29,148496,45139,19,15211,1,0.8101855291041155,352,0,0,1,0
47,77134,49713,28,24255,1,0.07834656754226116,517,0,1,0,0
22,40491,30734,3,28962,1,0.34144115147177234,659,1,0,0,0
25,21341,8052,6,20356,0,0.32056609350958465,684,0,0,1,0
49,64623,4654,27,21306,1,0.6392888687330871,355,1,0,0,0
57,110327,24486,27,5997,1,0.3623981957359341,417,0,1,0,0
58,20338,19743,3,18376,1,0.157021713827244,552,0,0,1,0
39,91431,49368,21,41880,1,0.6005024046594083,479,1,0,0,0
28,32254,25489,11,39055,0,0.8162400814623907,714,0,0,1,0
68,71860,9636,2,11578,1,0.38830225951537345,534,0,1,0,0
65,31344,7441,21,19624,0,0.1409460279474969,379,0,1,0,0
21,21750,55199,1,40194,0,0.20472131533969484,321,0,0,1,0
42,74756,25611,23,45367,1,0.24510847211769016,776,1,0,0,1
37,87957,55355,33,1389,0,0.3068986170645909,739,0,0,0,0
27,125423,43435,26,34767,1,0.6463671198012461,392,0,0,0,0
45,78053,13149,0,46580,0,0.6049360296923418,491,0,0,1,0
65,90855,35566,7,49367,1,0.6991190629513687,402,1,0,0,0
24,35896,43368,22,2855,1,0.368876964686198,695,0,0,0,0
56,75761,22675,37,41893,1,0.8257576753611785,306,0,1,0,0
26,82552,6495,5,14794,1,0.21204678454420267,530,1,0,0,0
51,140075,43668,21,36531,1,0.4743503400429724,539,0,0,0,0
39,97454,14673,24,5986,1,0.802929334326016,389,1,0,0,0
64,146522,12130,17,33298,1,0.18835706125529306,531,0,0,1,0
59,138681,23668,16,2481,1,0.11876448260337512,756,1,0,0,1
47,110600,16222,11,4731,1,0.8848471280111099,532,0,0,0,0
30,142732,24669,5,17835,1,0.34950036613160396,653,0,0,1,1
46,132153,35068,25,28798,1,0.6870314236599416,632,1,0,0,0
39,142926,24253,26,27113,1,0.03509511822129909,738,0,1,0,1
59,47935,10435,7,20477,1,0.6931464195253552,674,0,0,0,1
23,57641,29552,18,18266,1,0.3229402984315008,591,0,0,1,0
65,49711,53249,0,21792,1,0.06518344505156733,644,1,0,0,0
33,90342,38384,28,21452,1,0.6137146339326358,727,0,1,0,0
48,126896,17393,34,44526,1,0.24839577791244152,429,0,0,0,0
40,32182,11617,39,42334,1,0.3929391696313612,440,0,1,0,0
48,107833,39520,13,12889,1,0.08977500416364845,714,1,0,0,1
28,76276,10852,34,25335,0,0.15569161858399588,392,1,0,0,0
61,39541,32401,19,12254,1,0.3049974631408853,583,0,0,1,0
59,114457,7295,12,22074,1,0.09886190555455555,522,0,1,0,0
21,102310,54967,37,12442,1,0.9117180020394521,762,0,0,1,0
23,64813,51224,7,47289,1,0.015986572752138634,844,0,0,0,0
33,57198,36993,19,38327,1,0.4890216166756683,575,0,0,1,0
48,28820,35084,32,17199,1,0.13201498355122593,439,0,0,0,0
69,44070,55851,25,8291,1,0.31460229858316907,656,1,0,0,0
45,89768,46105,38,41928,1,0.9267989642200828,322,1,0,0,0
53,31122,40575,20,1112,1,0.170077607741247,569,0,1,0,0
58,100559,56826,8,22515,1,0.9661739965211493,632,0,0,0,0
26,93543,37451,23,20581,1,0.2137364332195275,384,1,0,0,0
64,103441,8227,36,49692,1,0.7441504473821613,330,0,1,0,0
65,61786,32910,16,27500,1,0.5512104922483386,539,0,1,0,0
52,114934,37041,23,33026,0,0.8856339403207916,662,0,0,1,0
65,119804,24384,20,17523,1,0.5584533229480997,688,0,1,0,1
67,26737,1145,38,2424,0,0.5392136269647456,598,1,0,0,0
41,56062,38778,38,20552,1,0.2035034203647159,670,0,0,1,0
36,74237,17035,12,11808,1,0.17456706843114214,398,0,0,0,0
41,71571,4040,10,39811,1,0.917324259604359,346,0,0,0,0
31,45510,43422,18,7989,1,0.33455981686153374,721,1,0,0,0
57,39426,27160,10,24620,1,0.378361432413267,779,1,0,0,0
56,57265,50634,12,40029,1,0.7622254218441045,361,0,0,1,0
55,37850,53331,0,1887,1,0.3454352475985793,408,0,0,1,0
39,138249,18633,39,32802,1,0.9525418221726127,848,1,0,0,1
40,86150,30344,18,20488,1,0.7405484913088123,418,1,0,0,0
38,107312,18014,11,31013,1,0.6014549501476858,681,0,0,0,1
67,109613,15996,7,17402,1,0.882086208939305,691,0,0,0,1
61,94910,50104,7,22205,1,0.059109849265987925,351,0,0,0,0
69,72375,42621,11,27049,0,0.26449206526731667,588,1,0,0,0
34,141826,12695,32,13253,1,0.4703859708787009,636,0,1,0,0
35,55435,3852,25,19990,1,0.23470875407680583,503,1,0,0,0
51,116443,17014,38,8846,1,0.7464661354291304,537,1,0,0,0
21,77132,28042,27,26027,0,0.9200159507431879,681,0,0,0,0
23,98945,34755,4,40200,1,0.4295324187316142,435,1,0,0,0
36,102050,41390,7,47220,0,0.348711274110776,706,0,0,1,0
43,149828,24711,24,47163,1,0.9619352248161906,807,1,0,0,1
31,115402,27122,26,4765,1,0.4504039084992654,661,1,0,0,1
32,22983,58993,22,16950,1,0.4941579164447904,680,1,0,0,0
30,117241,10160,29,46270,1,0.3581333736184863,553,1,0,0,0
52,40662,28213,22,10741,1,0.910452988282017,776,0,1,0,0
36,43510,51252,19,23742,0,0.5732659284490322,413,1,0,0,0
28,98187,40420,17,25703,0,0.7645528413098283,319,0,0,1,0
58,60998,58784,17,39709,1,0.8136886511673775,827,0,0,1,0
32,76846,8421,1,38623,1,0.3484305514980856,444,1,0,0,0
44,114071,22400,3,23931,1,0.4393573880071763,507,0,0,0,0
48,26640,34537,29,24580,0,0.849987056662202,830,0,1,0,0
28,64547,18727,32,16166,1,0.36962279815905213,675,1,0,0,1
48,74620,47882,35,30240,0,0.7959957821173328,803,1,0,0,0
56,35317,5358,17,26991,0,0.9415823993486927,465,1,0,0,0
46,135608,29482,36,39556,1,0.6269782693373269,849,0,0,0,1
28,27564,59921,18,33969,1,0.74421101457737,480,0,0,0,0
48,47345,33117,27,11561,0,0.8070463389207235,743,0,0,0,0
48,133824,24164,39,17901,1,0.8465892524076761,631,0,1,0,0
57,114223,32910,19,41505,0,0.401102804478228,802,0,0,1,0
61,143372,33496,32,31020,1,0.060750824584238194,378,0,1,0,0
56,99273,56754,11,26917,1,0.40785750852437214,695,0,0,0,0
47,94859,45311,14,2988,0,0.6770186674862488,402,0,0,1,0
37,100765,30371,38,49209,1,0.45584688192298484,701,0,0,1,1
29,130017,52501,1,45505,1,0.7514735193517945,523,0,0,0,0
53,94038,39467,28,15256,1,0.3634126051739772,817,0,0,0,0
40,143618,18625,9,23192,1,0.6383966996929893,535,0,1,0,0
33,72393,34893,1,29230,0,0.19455560680543485,726,0,0,0,0
48,86081,11793,10,40930,0,0.7518757422785074,415,0,0,1,0
68,145341,32007,12,46833,1,0.5502390091248955,462,1,0,0,0
49,122650,26766,9,23625,1,0.21202374466113458,525,0,0,0,0
33,49430,40532,13,33088,0,0.2989920617628292,529,0,0,0,0
66,95532,55253,17,15114,1,0.751122621496014,481,0,1,0,0
55,47788,13323,8,42167,0,0.48777522330490547,548,0,1,0,0
26,115505,46799,38,39401,1,0.2238711259891415,617,0,0,0,0
38,68543,47820,27,6755,1,0.9675984784665946,509,0,0,1,0
25,33919,46408,2,11825,0,0.7179737696187191,691,0,0,1,0
67,89346,8843,19,23693,1,0.9575634842143982,395,1,0,0,0
45,116122,15210,5,5117,1,0.4328339949067398,385,0,0,0,0
22,59974,17456,26,25729,1,0.4803493372848033,714,0,1,0,1
30,127309,32367,1,33182,1,0.898975664023169,693,0,0,1,1
50,36371,55624,28,29890,1,0.5297988468429308,800,1,0,0,0
65,65084,11106,37,30340,1,0.7102061227866104,432,0,0,0,0
25,49629,38957,2,2518,1,0.25965114872057465,613,0,0,1,0
53,71184,3472,15,31949,1,0.45225920401561415,520,0,0,0,0
21,81916,50859,29,23547,1,0.13221536715225155,737,0,0,0,0
38,147293,51956,39,17346,1,0.21392023551819206,345,0,0,1,0
52,93972,7704,1,3600,0,0.010933981114954777,491,0,0,1,0
67,82187,4713,16,47005,1,0.04887240113217363,819,0,0,1,1
69,32984,6051,11,30267,1,0.97751098494516,678,0,0,0,1
31,53039,11756,34,37322,1,0.24993015818539469,633,0,0,0,0
41,105431,3475,0,27990,1,0.6666776024089619,338,1,0,0,0
46,103691,37378,14,17193,1,0.8407087018116154,592,0,1,0,0
45,78606,5255,25,31109,1,0.5551538546441986,461,0,0,0,0
42,30616,15484,36,20233,1,0.16161305508311663,630,0,1,0,0
47,122665,57549,20,49021,0,0.7308352729628047,403,0,0,1,0
69,125373,35503,30,17194,1,0.6042488959985872,460,0,0,0,0
33,70072,59929,24,35510,1,0.7339380834539013,353,1,0,0,0
53,44574,9258,22,2306,1,0.7720491566285163,333,1,0,0,0
54,23430,41747,23,4849,0,0.9756562640078976,541,0,1,0,0
61,139123,36196,37,13360,1,0.5778276472264429,412,0,0,1,0
55,32676,46113,27,46536,1,0.34822470156369584,617,0,1,0,0
21,30816,41194,20,30231,0,0.6519799113312347,322,0,0,1,0
41,52733,9533,17,46800,1,0.07775630215019987,417,1,0,0,0
68,105680,33581,35,37963,1,0.8984233451383704,511,0,1,0,0
26,22050,6249,34,19689,1,0.1281872012248148,717,1,0,0,1
48,129996,55443,8,30084,1,0.3345644095069601,412,1,0,0,0
37,53933,20201,37,41387,1,0.8175879268198597,343,0,0,1,0
25,44951,59576,29,10280,0,0.6013392545474047,427,0,1,0,0
51,52413,54026,33,3642,1,0.3996991650746677,457,0,1,0,0
25,54801,10686,31,43137,1,0.4787013027812712,693,1,0,0,1
58,75619,47877,2,15296,1,0.8560019192701586,811,1,0,0,0
23,52913,54363,2,16438,0,0.3466043421992932,344,0,0,1,0
43,132573,33007,27,49442,0,0.8709531879640496,407,0,0,0,0
57,139076,1661,14,38525,1,0.09725308666692457,518,0,0,0,0
57,60600,45843,22,3994,1,0.7790304528365444,742,1,0,0,0
30,77775,31137,39,48994,1,0.849072156724189,614,0,0,0,0
30,110816,48556,10,35039,1,0.18999947630896538,476,0,0,0,0
39,149972,43828,31,2813,0,0.43604306704847845,527,0,0,0,0
37,110093,49604,35,28491,0,0.17384477691701908,566,0,0,0,0
41,132590,11526,32,19845,1,0.7095380877042756,678,1,0,0,1
34,55400,4374,23,42243,1,0.5399942903810402,788,0,0,0,1
29,24494,26592,38,38164,0,0.6389701132412379,589,0,0,0,0
66,100688,29982,33,43051,1,0.20452209728664905,656,0,0,1,1
21,142744,1207,27,14318,1,0.21962840343189532,503,1,0,0,0
65,109431,36433,36,18200,1,0.051082352254807305,512,0,1,0,0
33,94691,52645,6,1082,1,0.32884685984377243,622,0,1,0,0
24,117419,24197,3,2920,1,0.5641472147203382,480,0,0,1,0
21,128730,34400,36,41585,1,0.8593555648573555,798,0,0,1,1
69,63001,4083,0,12683,1,0.670258172984094,619,1,0,0,0
60,87364,30328,0,12336,1,0.44104236016575393,382,0,1,0,0
52,144988,47479,19,16596,1,0.9535889132501965,602,0,0,0,0
54,65028,43891,18,3093,1,0.7220527485700735,561,0,0,1,0
48,127434,21103,28,13905,1,0.9308635508339245,499,0,1,0,0
51,117659,40891,9,25351,1,0.532312093539444,539,1,0,0,0
28,57573,11754,17,31981,1,0.2663152320452082,594,0,0,0,0
59,20806,35447,27,9367,0,0.062298419501074766,811,1,0,0,0
46,144343,16901,34,6285,1,0.728824002969012,695,0,0,1,1
54,76638,34004,30,44664,1,0.13008996802547879,437,0,1,0,0
23,148301,8446,26,38705,1,0.30974737698924754,428,0,1,0,0
32,146295,38211,10,17753,1,0.5371461988050584,348,0,1,0,0
21,126506,56922,37,19485,0,0.5687724219019502,592,0,1,0,0
64,49757,49231,4,13977,1,0.6045773650172647,835,0,0,0,0
25,54636,30301,7,20874,0,0.17459277704620363,610,0,0,0,0
50,100097,27116,33,8674,1,0.38594003077343225,836,1,0,0,1
50,68280,56251,11,30038,1,0.621022284845797,533,0,0,0,0
37,44262,42323,37,30315,1,0.9701206759874469,508,0,0,1,0
68,100435,19752,0,4676,1,0.7303548263226918,393,0,0,1,0
67,82211,33376,30,3426,1,0.9233777195230183,626,0,1,0,0
43,74842,17669,3,25473,1,0.7645899377310352,524,0,0,1,0
35,148583,33916,4,3962,1,0.5957997992034765,310,1,0,0,0
57,76979,14395,29,30943,1,0.2001031354449811,628,0,0,0,0
41,134524,21421,23,1859,1,0.6700187953735879,311,0,0,0,0
34,101470,56701,2,45816,1,0.627145770300308,334,0,0,0,0
22,58197,57273,10,5138,1,0.6064444787526938,746,0,0,1,0
31,61844,27342,3,36192,1,0.49488800930835836,751,0,0,0,0
59,84754,5895,25,26640,1,0.5333700379493829,519,0,1,0,0
58,121868,55432,26,11409,1,0.341098101846923,740,0,1,0,0
54,54157,51164,26,5017,1,0.5241195657158801,834,0,1,0,0
58,97129,12023,5,11451,1,0.20558034662169347,528,0,0,1,0
54,60042,11699,14,29327,1,0.807122653386773,643,0,0,0,0
38,81665,10715,29,11278,1,0.19391918515172074,379,0,0,1,0
50,135512,20169,36,25944,1,0.09411662699057174,652,0,0,0,1
35,136953,53877,36,44764,1,0.4418835660935858,695,1,0,0,1
47,102856,17163,36,2134,0,0.6617243651110012,589,1,0,0,0
54,47376,54728,34,31131,1,0.44333965668420594,754,0,0,1,0
58,129049,6782,22,38887,0,0.28398659063179554,427,0,1,0,0
53,75554,23641,5,39462,1,0.5625894720515363,842,0,0,1,1
44,34199,59945,3,23520,1,0.35353231205807795,658,0,1,0,0
35,138533,19792,17,22869,1,0.9335390132253667,826,0,0,0,1
50,101412,50492,8,37932,1,0.9234186882075364,612,0,1,0,0
62,70948,36585,28,6039,1,0.5073481017723744,374,0,1,0,0
37,93781,31682,12,22281,1,0.33460515407807595,845,0,0,0,1
25,92750,48864,16,48399,1,0.7397610898170727,495,1,0,0,0
49,86262,19880,31,11442,0,0.04634581404823598,328,0,0,0,0
24,137424,56114,21,9252,0,0.48002131598321474,315,0,0,1,0
30,66600,39067,3,28586,1,0.3429601603276302,722,0,0,1,0
37,96898,43685,4,18568,1,0.9213305262515291,704,0,0,1,0
30,82483,57726,36,21810,1,0.021882996999955717,830,0,0,1,0
37,38297,19073,12,2551,1,0.5572867269611655,376,0,0,1,0
40,50448,37035,33,13625,1,0.7432569452559598,528,1,0,0,0
44,46172,38174,21,35397,1,0.49016780764880086,596,1,0,0,0
25,62874,25837,22,27249,1,0.09454899986109444,809,0,1,0,0
54,27657,18826,2,2361,1,0.9727367761276232,837,0,0,1,0
26,104386,25981,33,27149,1,0.5228303270623369,625,0,0,0,0
22,145617,11382,31,5370,1,0.6180443818758212,662,0,0,1,1
33,45425,5437,20,6283,1,0.24424368488043224,658,1,0,0,1
63,46685,6435,20,8610,1,0.4886631042557358,623,0,0,1,0
63,142000,25819,10,44326,1,0.4348579970387386,625,1,0,0,0
68,132855,37875,38,15924,1,0.0841468835819639,464,0,1,0,0
31,44578,32982,3,48607,1,0.11509875001199255,754,0,1,0,0
67,48831,34328,0,45717,1,0.8390977944225868,452,0,1,0,0
43,27906,13329,27,11626,1,0.24742175268452435,426,1,0,0,0
36,81413,26169,23,35761,1,0.20300868878364425,492,0,0,1,0
51,74028,22932,34,1869,0,0.5098623367376378,829,0,0,1,0
31,27287,35594,12,32552,0,0.7710596600488878,309,0,0,0,0
36,53660,12421,33,2014,1,0.07132705339319803,391,1,0,0,0
28,95758,46033,10,11103,1,0.5810398404418733,438,0,0,0,0
24,80504,8629,35,17986,0,0.12801833841216761,780,0,1,0,0
60,79720,9325,16,45781,1,0.04609644031736228,748,0,0,1,1
24,122979,53290,34,31471,1,0.06221651264059522,632,1,0,0,0
45,54701,29495,17,34458,1,0.8358224671263569,639,0,0,0,0
23,103300,32750,39,26069,1,0.12679275879178095,351,0,0,0,0
52,130177,30619,21,17873,1,0.05469985076816903,765,0,0,0,1
23,37674,41461,23,24248,1,0.44352088827148317,774,0,0,1,0
47,103560,9264,18,24624,0,0.8455535372226045,700,0,0,1,0
49,131543,13686,36,44516,0,0.2697842927244089,738,0,0,1,0
52,43874,47484,38,30061,1,0.42749549135065723,808,1,0,0,0
39,63642,25226,20,25170,0,0.04952330723811371,452,0,0,1,0
41,143867,7721,7,9024,1,0.4545877289935271,813,1,0,0,1
25,117820,57154,27,17678,1,0.5818369498307624,802,0,0,0,0
38,85160,21609,4,39256,1,0.5751979832146233,305,0,0,0,0
48,37602,53130,16,21411,0,0.3391024252526215,799,0,1,0,0
62,123320,8373,36,44803,1,0.32237784885650417,417,0,0,1,0
42,108801,39675,35,20296,1,0.1155573827472319,784,0,0,0,1
41,45931,56249,18,27293,1,0.3731303374398057,767,0,0,1,0
26,114377,49895,26,28172,0,0.108499722184235,460,1,0,0,0
21,49192,29937,33,22128,1,0.7689299852649311,569,0,0,0,0
25,66542,6656,10,19257,1,0.966611554770704,355,0,0,1,0
61,147015,9984,11,13855,1,0.9703737121000399,527,0,0,0,0
32,62520,30984,20,20642,1,0.8664203883816399,448,0,0,0,0
46,84772,54411,10,36585,0,0.6047842278462229,345,0,0,1,0
66,78762,9286,38,21025,0,0.7038570402714411,443,0,0,0,0
54,70106,6901,27,5458,1,0.2923537446536099,639,0,0,0,0
69,101121,32552,4,6307,1,0.6344627159708944,712,0,0,0,1
34,45559,26709,16,42701,1,0.46109305394547867,819,0,0,0,0
46,125595,32055,19,19425,1,0.48719716637916316,643,1,0,0,0
65,53742,38685,11,44427,0,0.7601987947714064,686,0,0,0,0
47,89669,9429,5,29273,1,0.28909917204127916,772,0,1,0,1
29,100199,15716,16,39506,1,0.3248592155775747,574,0,0,0,0
46,41754,49563,18,6668,1,0.9253953732173503,652,0,0,1,0
67,23972,12138,25,26934,1,0.06566205190246252,365,0,1,0,0
42,90831,36298,31,48195,1,0.490777955429207,378,1,0,0,0
67,132217,52112,5,8697,1,0.9136727924037831,501,0,1,0,0
50,61873,24429,35,25417,1,0.6142593777399754,412,0,1,0,0
63,114661,51200,37,17446,1,0.5509430034700108,390,0,1,0,0
68,126532,6772,10,41597,1,0.25724673743706167,440,0,0,1,0
37,146267,49244,32,11751,1,0.3498427341738038,588,0,0,1,0
46,29903,52681,23,47218,0,0.853527931646646,710,0,0,1,0
56,23020,49519,22,8352,1,0.5636259504507736,676,1,0,0,0
21,61755,36732,14,14516,1,0.5195947718192121,683,0,0,1,0
28,105956,40905,26,24299,1,0.10858391640462862,451,0,0,1,0
69,106988,18347,10,32957,1,0.025867874890571893,618,0,1,0,0
55,65648,17920,16,29927,1,0.9640483368001787,668,0,0,1,1
35,123537,32822,13,42094,0,0.38321630561397324,761,0,0,0,0
67,145991,47659,26,37412,1,0.6071809314785093,311,0,0,1,0
42,29516,41108,17,30493,1,0.08891792245541214,455,1,0,0,0
34,132863,24563,27,27711,1,0.686283142865816,776,1,0,0,1
46,135005,8967,3,9003,1,0.9332410416189013,700,0,0,0,1
48,22396,46183,6,32707,1,0.5799086004674455,476,1,0,0,0
43,104082,12871,34,4278,0,0.13485416915165646,640,1,0,0,0
34,39129,29763,8,8296,0,0.585904312198742,356,0,1,0,0
44,148322,12916,7,26398,1,0.7686837409736058,747,0,0,0,1
22,21591,9734,16,36842,1,0.4123523712082785,502,0,1,0,0
65,31303,34613,16,14261,1,0.8810393704620532,501,0,1,0,0
46,50561,29179,32,12173,0,0.6521961238237909,629,0,0,1,0
34,91719,55929,31,31449,1,0.9002564291063104,662,0,0,0,0
27,138618,53188,7,42080,1,0.6272702581348638,753,0,0,1,1
23,112108,56099,18,2637,1,0.139975092284776,655,0,0,1,0
67,148748,36262,37,32781,0,0.31659479399413726,515,0,1,0,0
43,119616,13677,2,14652,0,0.20977699876993236,322,1,0,0,0
66,144165,52871,4,6103,1,0.9097382327396937,454,0,0,0,0
63,106231,19268,12,26500,1,0.7627960666146079,485,1,0,0,0
67,27314,13330,30,35800,1,0.679634385220906,548,0,1,0,0
65,137071,21733,15,36529,0,0.30795665643530545,433,0,1,0,0
38,39623,38947,31,48963,1,0.1922043243297114,620,0,1,0,0
58,87675,28286,21,19452,1,0.7588865771090227,689,0,1,0,1
55,132992,7610,28,32174,1,0.4794163664202889,733,0,1,0,1
35,116826,7430,21,36436,1,0.23353165662912284,321,0,1,0,0
45,85082,40922,2,48406,1,0.6204557583836223,424,1,0,0,0
57,149839,14828,9,16954,0,0.049930513617067455,378,0,0,1,0
48,103624,43913,20,18186,1,0.33290855158697097,350,1,0,0,0
30,125228,32497,15,13356,1,0.4738714246452233,475,0,0,0,0
59,53130,40256,11,33963,1,0.1564787507683118,552,1,0,0,0
37,71756,54889,1,3187,1,0.9848079328149312,545,0,1,0,0
59,117624,56677,23,12707,1,0.21700639094371812,405,1,0,0,0
42,46292,37618,34,36098,0,0.1390495987428329,492,0,0,1,0
46,131785,50841,29,27935,1,0.21149952514802745,615,0,0,0,0
64,147331,47332,29,22225,0,0.771370521828127,601,1,0,0,0
45,106206,27526,34,4606,0,0.4312506026791244,847,0,0,1,0
37,89274,55327,18,33828,1,0.5697617803550127,567,1,0,0,0
33,22469,31158,7,27489,1,0.030799065416497136,469,0,0,0,0
40,73947,26032,25,15387,1,0.04408699548758141,754,1,0,0,1
45,42534,38846,39,4927,1,0.451367294328746,591,0,1,0,0
24,83620,45936,6,7296,1,0.8184886907696073,440,1,0,0,0
30,68874,30794,29,31444,1,0.8863864899204896,445,0,0,1,0
23,69708,6448,6,47390,1,0.09583950191968381,724,1,0,0,1
61,94553,51331,2,47893,1,0.5429794710800125,613,0,0,1,0
65,88344,29861,0,3591,1,0.9140973894164778,483,0,0,0,0
38,69138,29141,35,45895,1,0.3940930268539075,427,1,0,0,0
67,74302,10074,24,49516,1,0.8312701731140849,586,0,0,0,0
56,67638,7406,36,27147,1,0.14235869785544186,552,0,0,0,0
67,98249,32823,0,39889,1,0.9360405447711208,685,1,0,0,1
42,125865,58743,14,2200,0,0.7539090843559896,529,0,0,1,0
54,22719,24291,36,16721,1,0.9419210488590326,570,0,0,0,0
67,42890,42568,12,20238,0,0.6798510612169814,714,0,0,0,0
28,97236,33003,39,12087,1,0.3697698926794327,497,1,0,0,0
60,56509,47851,7,31816,1,0.9387993607994752,622,1,0,0,0
69,62534,35406,4,24408,1,0.2828111085460867,355,1,0,0,0
64,122302,55823,8,40740,1,0.3388507968411152,502,1,0,0,0
39,112241,24312,0,1136,1,0.7038003338217229,437,1,0,0,0
62,38787,44108,35,18413,1,0.7676631365301324,721,0,1,0,0
61,146209,2382,34,49114,1,0.9301094490106623,356,1,0,0,0
57,68845,35171,1,19978,1,0.21275438496564741,370,0,0,1,0
26,77932,42779,39,1661,0,0.8000180548670317,671,0,0,0,0
46,112124,4292,22,36240,0,0.7411605928629939,813,0,0,1,0
54,111659,42779,8,28253,1,0.07315661069106189,383,0,0,1,0
65,53062,34187,33,27884,1,0.3933509097981049,342,0,1,0,0
26,95713,13411,13,33854,1,0.28993780248949763,432,1,0,0,0
57,107263,38285,3,11704,1,0.3114455201104901,694,0,0,0,1
53,115756,53454,29,39987,0,0.9831174107591538,364,0,0,1,0
42,80461,58009,30,25527,0,0.6463496393451286,589,1,0,0,0
41,95418,16422,37,17322,1,0.7204993962155646,675,1,0,0,1
26,86672,43468,10,48517,0,0.976851460941859,766,0,1,0,0
26,148232,33371,34,7968,1,0.38342976463306233,512,0,1,0,0
68,54832,58022,7,28518,1,0.8038217667682779,447,0,1,0,0
24,147335,6693,2,47364,1,0.4401856536714504,770,0,0,0,1
50,51966,34535,13,28886,0,0.87083833509683,448,0,0,1,0
31,92545,52196,12,2700,0,0.18885096589819017,387,0,1,0,0
50,32987,15818,31,29246,0,0.9482093152936368,623,0,1,0,0
51,57311,32238,33,36468,1,0.22658399132677087,695,0,1,0,0
44,51575,31874,18,24199,1,0.3329583019111222,703,0,0,1,0
29,83852,27715,37,45589,1,0.7586303117657127,381,0,0,1,0
23,147650,28605,15,33115,1,0.39981759014975266,585,0,1,0,0
51,21007,35317,1,6520,1,0.6121292629987822,681,0,1,0,0
60,90981,32174,39,45278,0,0.4501277660587342,569,1,0,0,0
